candidate_id,event_slug,event_title,market_city,market_date,market_extreme,market_slug,group_item_title,side,price,base_fair_probability,base_edge,base_expected_roi,execution_price,execution_slippage,execution_quality,execution_flags,execution_base_edge,execution_expected_roi,maker_quote_price,maker_price_improvement,maker_fill_score,maker_eligible,maker_edge_if_filled,maker_worst_edge,maker_expected_roi_if_filled,maker_fill_adjusted_expected_roi,maker_preferred,maker_reason,maker_adverse_selection_penalty,quote_spread,quote_liquidity,quote_market_volume,worst_edge,mean_edge,best_edge,min_stress_fair_probability,max_stress_fair_probability,stress_pass_rate,negative_scenarios,failed_scenarios,robust_min_edge,robust_pass,robust_score,sensitivity_to_stress,worst_scenario,stress_summary,robust_reason,prediction_c,interval_lower,interval_upper,interval_unit,visible_top_bucket,visible_bucket_rank,visible_bucket_count,risk_flags,decision_reason,market_has_ended,suggested_max_stake_usdc,selected,stake_usdc,base_expected_pnl_usdc,execution_expected_pnl_usdc,maker_expected_pnl_if_filled_usdc,maker_fill_adjusted_expected_pnl_usdc
highest-temperature-in-jakarta-on-may-5-2026|highest-temperature-in-jakarta-on-may-5-2026-34c|BUY_NO,highest-temperature-in-jakarta-on-may-5-2026,Highest temperature in Jakarta on May 5?,Jakarta,May 5,highest,highest-temperature-in-jakarta-on-may-5-2026-34c,34°C,BUY_NO,0.45,0.99775,0.535375,1.157881,0.465,0.015,fair,spread penalty; moderate liquidity,0.520311,1.089797,0.415,0.035,0.52375,1,0.57275,0.521492,1.38012,0.722838,0,"maker viable, taker expected value is higher",0.01,0.04,623.99028,4661.867198,0.459023,0.499473,0.522321,0.946492,0.99976,1.0,0,0,0.01,1,0.461388,0.076352,shift=+1.0C sigma=2.5C slip=0.010,worst shift=+1.0C sigma=2.5C slip=0.010 edge=0.4590; best shift=-1.0C sigma=1.5C slip=0.000 edge=0.5223,passes all stress and execution checks,29.290887,33.5,34.5,celsius,31°C,4,5,,BUY_NO: model thinks this bucket is unlikely and it is not the model top bucket; top bucket is 31°C,0,5.0,1,5.0,5.789405,5.448985,6.9006,3.61419
highest-temperature-in-san-francisco-on-may-5-2026|highest-temperature-in-san-francisco-on-may-5-2026-62-63f|BUY_NO,highest-temperature-in-san-francisco-on-may-5-2026,Highest temperature in San Francisco on May 5?,San Francisco,May 5,highest,highest-temperature-in-san-francisco-on-may-5-2026-62-63f,62-63°F,BUY_NO,0.55,0.965387,0.403012,0.716625,0.55,0.0,good,,0.403012,0.716625,0.545,0.005,0.625,1,0.410387,0.321082,0.753004,0.470627,0,"maker viable, taker expected value is higher",0.01,0.01,1344.0957,899.707427,0.303762,0.364722,0.430333,0.876082,0.992708,1.0,0,0,0.01,1,0.303837,0.09925,shift=+1.0C sigma=2.0C slip=0.010,worst shift=+1.0C sigma=2.0C slip=0.010 edge=0.3038; best shift=-1.0C sigma=1.5C slip=0.000 edge=0.4303,passes all stress and execution checks,14.061809,62.0,64.0,fahrenheit,58-59°F,3,5,,BUY_NO: model thinks this bucket is unlikely and it is not the model top bucket; top bucket is 58-59°F,0,5.0,1,5.0,3.583125,3.583125,3.76502,2.353135
highest-temperature-in-beijing-on-may-5-2026|highest-temperature-in-beijing-on-may-5-2026-28corbelow|BUY_YES,highest-temperature-in-beijing-on-may-5-2026,Highest temperature in Beijing on May 5?,Beijing,May 5,highest,highest-temperature-in-beijing-on-may-5-2026-28corbelow,28°C or below,BUY_YES,0.06,0.620274,0.557454,8.87383,0.065,0.005,fair,moderate liquidity,0.552235,8.116481,0.055,0.005,0.6325,1,0.555274,0.294249,10.095891,6.385651,0,"maker viable, taker expected value is higher",0.01,0.01,816.9101,3979.965702,0.28078,0.512661,0.766651,0.359249,0.83469,1.0,0,0,0.01,1,0.263113,0.276674,shift=+1.0C sigma=1.5C slip=0.010,worst shift=+1.0C sigma=1.5C slip=0.010 edge=0.2808; best shift=-1.0C sigma=1.5C slip=0.000 edge=0.7667,passes all stress and execution checks,28.040701,,28.5,celsius,28°C or below,1,5,model top bucket,BUY_YES: our bucket probability is above market ask after fee; rank 1 of 5,0,5.0,1,5.0,44.36915,40.582405,50.479455,31.928255
highest-temperature-in-shanghai-on-may-5-2026|highest-temperature-in-shanghai-on-may-5-2026-25c|BUY_NO,highest-temperature-in-shanghai-on-may-5-2026,Highest temperature in Shanghai on May 5?,Shanghai,May 5,highest,highest-temperature-in-shanghai-on-may-5-2026-25c,25°C,BUY_NO,0.5,0.87691,0.36441,0.711044,0.515,0.015,fair,spread penalty; moderate liquidity,0.349421,0.662424,0.465,0.035,0.52375,1,0.40191,0.303278,0.864323,0.452689,0,"maker viable, taker expected value is higher",0.01,0.04,688.397,1970.039308,0.240809,0.34293,0.428006,0.778278,0.955494,1.0,0,0,0.01,1,0.238449,0.123601,shift=+1.0C sigma=1.5C slip=0.010,worst shift=+1.0C sigma=1.5C slip=0.010 edge=0.2408; best shift=-1.0C sigma=1.5C slip=0.000 edge=0.4280,passes all stress and execution checks,23.126049,24.5,25.5,celsius,23°C,3,5,,BUY_NO: model thinks this bucket is unlikely and it is not the model top bucket; top bucket is 23°C,0,5.0,1,5.0,3.55522,3.31212,4.321615,2.263445
highest-temperature-in-miami-on-may-5-2026|highest-temperature-in-miami-on-may-5-2026-86-87f|BUY_NO,highest-temperature-in-miami-on-may-5-2026,Highest temperature in Miami on May 5?,Miami,May 5,highest,highest-temperature-in-miami-on-may-5-2026-86-87f,86-87°F,BUY_NO,0.59,0.947411,0.345316,0.573524,0.595,0.005,fair,spread penalty,0.340362,0.560684,0.565,0.025,0.585,1,0.372411,0.279622,0.659135,0.385594,0,"maker viable, taker expected value is higher",0.01,0.03,1935.882,1287.459346,0.237673,0.304084,0.380204,0.854622,0.987253,1.0,0,0,0.01,1,0.236909,0.107643,shift=+1.0C sigma=2.0C slip=0.010,worst shift=+1.0C sigma=2.0C slip=0.010 edge=0.2377; best shift=-1.0C sigma=1.5C slip=0.000 edge=0.3802,passes all stress and execution checks,27.723493,86.0,88.0,fahrenheit,82-83°F,3,5,,BUY_NO: model thinks this bucket is unlikely and it is not the model top bucket; top bucket is 82-83°F,0,5.0,1,5.0,2.86762,2.80342,3.295675,1.92797
highest-temperature-in-lagos-on-may-5-2026|highest-temperature-in-lagos-on-may-5-2026-34c|BUY_NO,highest-temperature-in-lagos-on-may-5-2026,Highest temperature in Lagos on May 5?,Lagos,May 5,highest,highest-temperature-in-lagos-on-may-5-2026-34c,34°C,BUY_NO,0.64,0.985727,0.334207,0.512965,0.66,0.02,poor,wide spread,0.314507,0.46856,0.585,0.055,0.5175,1,0.390727,0.315196,0.667909,0.345643,0,"maker viable, taker expected value is higher",0.01,0.06,1124.7767,606.222743,0.229141,0.281921,0.326408,0.910196,0.997628,1.0,0,0,0.01,1,0.228634,0.105066,shift=+1.0C sigma=2.5C slip=0.010,worst shift=+1.0C sigma=2.5C slip=0.010 edge=0.2291; best shift=-1.0C sigma=1.5C slip=0.000 edge=0.3264,passes all stress and execution checks,30.317025,33.5,34.5,celsius,31°C,4,5,wide spread,BUY_NO: model thinks this bucket is unlikely and it is not the model top bucket; top bucket is 31°C,0,5.0,1,5.0,2.564825,2.3428,3.339545,1.728215
highest-temperature-in-buenos-aires-on-may-5-2026|highest-temperature-in-buenos-aires-on-may-5-2026-24c|BUY_NO,highest-temperature-in-buenos-aires-on-may-5-2026,Highest temperature in Buenos Aires on May 5?,Buenos Aires,May 5,highest,highest-temperature-in-buenos-aires-on-may-5-2026-24c,24°C,BUY_NO,0.63,0.940627,0.298972,0.465939,0.635,0.005,fair,spread penalty,0.294038,0.454753,0.605,0.025,0.515,1,0.325627,0.237136,0.538226,0.277187,0,"maker viable, taker expected value is higher",0.01,0.03,1298.6197,572.735634,0.195687,0.263392,0.337892,0.852136,0.98448,1.0,0,0,0.01,1,0.195359,0.103285,shift=+1.0C sigma=1.5C slip=0.010,worst shift=+1.0C sigma=1.5C slip=0.010 edge=0.1957; best shift=-1.0C sigma=1.5C slip=0.000 edge=0.3379,passes all stress and execution checks,21.370418,23.5,24.5,celsius,22°C,3,5,,BUY_NO: model thinks this bucket is unlikely and it is not the model top bucket; top bucket is 22°C,0,5.0,1,5.0,2.329695,2.273765,2.69113,1.385935
highest-temperature-in-cape-town-on-may-5-2026|highest-temperature-in-cape-town-on-may-5-2026-18c|BUY_NO,highest-temperature-in-cape-town-on-may-5-2026,Highest temperature in Cape Town on May 5?,Cape Town,May 5,highest,highest-temperature-in-cape-town-on-may-5-2026-18c,18°C,BUY_NO,0.56,0.870836,0.298516,0.521589,0.565,0.005,fair,spread penalty,0.293547,0.508493,0.535,0.025,0.515,1,0.325836,0.228339,0.609039,0.313655,0,"maker viable, taker expected value is higher",0.01,0.03,1140.2791,326.11014,0.18612,0.289922,0.374771,0.773339,0.95206,1.0,0,0,0.01,1,0.184881,0.112396,shift=+1.0C sigma=1.5C slip=0.010,worst shift=+1.0C sigma=1.5C slip=0.010 edge=0.1861; best shift=-1.0C sigma=1.5C slip=0.000 edge=0.3748,passes all stress and execution checks,16.18704,17.5,18.5,celsius,16°C,4,5,,BUY_NO: model thinks this bucket is unlikely and it is not the model top bucket; top bucket is 16°C,0,5.0,1,5.0,2.607945,2.542465,3.045195,1.568275
highest-temperature-in-wuhan-on-may-5-2026|highest-temperature-in-wuhan-on-may-5-2026-30c|BUY_NO,highest-temperature-in-wuhan-on-may-5-2026,Highest temperature in Wuhan on May 5?,Wuhan,May 5,highest,highest-temperature-in-wuhan-on-may-5-2026-30c,30°C,BUY_NO,0.63,0.939906,0.298251,0.464815,0.645,0.015,fair,spread penalty; thin liquidity,0.283457,0.431804,0.605,0.025,0.3775,1,0.324906,0.236026,0.537035,0.202731,0,"maker viable, taker expected value is higher",0.01,0.03,351.0173,432.191126,0.184728,0.253006,0.32777,0.851026,0.984219,1.0,0,0,0.01,1,0.183375,0.113523,shift=+1.0C sigma=1.5C slip=0.010,worst shift=+1.0C sigma=1.5C slip=0.010 edge=0.1847; best shift=-1.0C sigma=1.5C slip=0.000 edge=0.3278,passes all stress and execution checks,27.381162,29.5,30.5,celsius,28°C,3,5,,BUY_NO: model thinks this bucket is unlikely and it is not the model top bucket; top bucket is 28°C,0,5.0,1,5.0,2.324075,2.15902,2.685175,1.013655
highest-temperature-in-sao-paulo-on-may-5-2026|highest-temperature-in-sao-paulo-on-may-5-2026-28c|BUY_NO,highest-temperature-in-sao-paulo-on-may-5-2026,Highest temperature in Sao Paulo on May 5?,Sao Paulo,May 5,highest,highest-temperature-in-sao-paulo-on-may-5-2026-28c,28°C,BUY_NO,0.54,0.824833,0.272413,0.493127,0.545,0.005,fair,spread penalty,0.267434,0.47979,0.515,0.025,0.515,1,0.299833,0.221243,0.5822,0.299833,0,"maker viable, taker expected value is higher",0.01,0.03,1127.3372,383.140432,0.178894,0.287165,0.363829,0.746243,0.921228,1.0,0,0,0.01,1,0.179542,0.093519,shift=+1.0C sigma=1.5C slip=0.010,worst shift=+1.0C sigma=1.5C slip=0.010 edge=0.1789; best shift=-1.0C sigma=1.5C slip=0.000 edge=0.3638,passes all stress and execution checks,26.63458,27.5,28.5,celsius,27°C,2,5,,BUY_NO: model thinks this bucket is unlikely and it is not the model top bucket; top bucket is 27°C,0,5.0,1,5.0,2.465635,2.39895,2.911,1.499165
highest-temperature-in-atlanta-on-may-5-2026|highest-temperature-in-atlanta-on-may-5-2026-80-81f|BUY_NO,highest-temperature-in-atlanta-on-may-5-2026,Highest temperature in Atlanta on May 5?,Atlanta,May 5,highest,highest-temperature-in-atlanta-on-may-5-2026-80-81f,80-81°F,BUY_NO,0.58,0.893013,0.300833,0.508009,0.58,0.0,good,,0.300833,0.508009,0.565,0.015,0.6025,1,0.318013,0.208197,0.562855,0.33912,0,"maker viable, taker expected value is higher",0.01,0.02,1737.6149,1120.217863,0.181102,0.281515,0.373324,0.783197,0.965504,1.0,0,0,0.01,1,0.179129,0.119731,shift=+1.0C sigma=1.5C slip=0.010,worst shift=+1.0C sigma=1.5C slip=0.010 edge=0.1811; best shift=-1.0C sigma=1.5C slip=0.000 edge=0.3733,passes all stress and execution checks,25.059308,80.0,82.0,fahrenheit,76-77°F,3,5,,BUY_NO: model thinks this bucket is unlikely and it is not the model top bucket; top bucket is 76-77°F,0,5.0,1,5.0,2.540045,2.540045,2.814275,1.6956
highest-temperature-in-singapore-on-may-5-2026|highest-temperature-in-singapore-on-may-5-2026-32c|BUY_NO,highest-temperature-in-singapore-on-may-5-2026,Highest temperature in Singapore on May 5?,Singapore,May 5,highest,highest-temperature-in-singapore-on-may-5-2026-32c,32°C,BUY_NO,0.55,0.840597,0.278222,0.494727,0.555,0.005,fair,moderate liquidity,0.273248,0.481623,0.545,0.005,0.6325,1,0.285597,0.198468,0.524031,0.33145,0,"maker viable, taker expected value is higher",0.01,0.01,563.4346,2036.846213,0.17618,0.284653,0.365511,0.753468,0.93286,1.0,0,0,0.01,1,0.175975,0.102042,shift=+1.0C sigma=1.5C slip=0.010,worst shift=+1.0C sigma=1.5C slip=0.010 edge=0.1762; best shift=-1.0C sigma=1.5C slip=0.000 edge=0.3655,passes all stress and execution checks,30.481878,31.5,32.5,celsius,30°C,3,5,,BUY_NO: model thinks this bucket is unlikely and it is not the model top bucket; top bucket is 30°C,0,5.0,1,5.0,2.473635,2.408115,2.620155,1.65725
highest-temperature-in-moscow-on-may-5-2026|highest-temperature-in-moscow-on-may-5-2026-25c|BUY_NO,highest-temperature-in-moscow-on-may-5-2026,Highest temperature in Moscow on May 5?,Moscow,May 5,highest,highest-temperature-in-moscow-on-may-5-2026-25c,25°C,BUY_NO,0.63,0.927102,0.285447,0.444861,0.64,0.01,fair,spread penalty,0.275582,0.422983,0.595,0.035,0.58625,1,0.322102,0.22758,0.541348,0.317365,0,"maker viable, taker expected value is higher",0.01,0.04,1740.2399,1150.040752,0.171205,0.24894,0.327814,0.83258,0.979334,1.0,0,0,0.01,1,0.16978,0.114242,shift=+1.0C sigma=1.5C slip=0.010,worst shift=+1.0C sigma=1.5C slip=0.010 edge=0.1712; best shift=-1.0C sigma=1.5C slip=0.000 edge=0.3278,passes all stress and execution checks,22.559316,24.5,25.5,celsius,23°C,4,5,,BUY_NO: model thinks this bucket is unlikely and it is not the model top bucket; top bucket is 23°C,0,5.0,1,5.0,2.224305,2.114915,2.70674,1.586825
highest-temperature-in-tokyo-on-may-5-2026|highest-temperature-in-tokyo-on-may-5-2026-23corhigher|BUY_NO,highest-temperature-in-tokyo-on-may-5-2026,Highest temperature in Tokyo on May 5?,Tokyo,May 5,highest,highest-temperature-in-tokyo-on-may-5-2026-23corhigher,23°C or higher,BUY_NO,0.62,0.987553,0.355773,0.563128,0.63,0.01,fair,thin liquidity,0.345898,0.539072,0.605,0.015,0.465,1,0.372553,0.212882,0.61579,0.286342,0,"maker viable, taker expected value is higher",0.01,0.02,421.3078,3220.181526,0.176362,0.291991,0.356536,0.827882,0.998191,1.0,0,0,0.01,1,0.168421,0.179411,shift=+1.0C sigma=2.5C slip=0.010,worst shift=+1.0C sigma=2.5C slip=0.010 edge=0.1764; best shift=-1.0C sigma=1.5C slip=0.000 edge=0.3565,passes all stress and execution checks,19.135432,22.5,,celsius,19°C,5,5,,BUY_NO: model thinks this bucket is unlikely and it is not the model top bucket; top bucket is 19°C,0,5.0,1,5.0,2.81564,2.69536,3.07895,1.43171
highest-temperature-in-beijing-on-may-5-2026|highest-temperature-in-beijing-on-may-5-2026-31c|BUY_NO,highest-temperature-in-beijing-on-may-5-2026,Highest temperature in Beijing on May 5?,Beijing,May 5,highest,highest-temperature-in-beijing-on-may-5-2026-31c,31°C,BUY_NO,0.66,0.959999,0.288779,0.43023,0.675,0.015,fair,spread penalty; moderate liquidity,0.27403,0.399479,0.625,0.035,0.45375,1,0.324999,0.241612,0.519998,0.235949,0,"maker viable, taker expected value is higher",0.01,0.04,529.6866,813.932337,0.180823,0.239541,0.304957,0.876612,0.990925,1.0,0,0,0.01,1,0.180028,0.107956,shift=+1.0C sigma=2.0C slip=0.010,worst shift=+1.0C sigma=2.0C slip=0.010 edge=0.1808; best shift=-1.0C sigma=1.5C slip=0.000 edge=0.3050,passes all stress and execution checks,28.040701,30.5,31.5,celsius,28°C or below,4,5,,BUY_NO: model thinks this bucket is unlikely and it is not the model top bucket; top bucket is 28°C or below,0,5.0,1,5.0,2.15115,1.997395,2.59999,1.179745
highest-temperature-in-ankara-on-may-5-2026|highest-temperature-in-ankara-on-may-5-2026-12c|BUY_NO,highest-temperature-in-ankara-on-may-5-2026,Highest temperature in Ankara on May 5?,Ankara,May 5,highest,highest-temperature-in-ankara-on-may-5-2026-12c,12°C,BUY_NO,0.57,0.746508,0.164253,0.282098,0.57,0.0,good,,0.164253,0.282098,0.565,0.005,0.625,1,0.171508,0.171508,0.303554,0.189721,0,"maker viable, taker expected value is higher",0.01,0.01,1836.1159,926.008815,0.154328,0.229002,0.281115,0.746508,0.86337,1.0,0,0,0.01,1,0.163335,0.009925,shift=+0.0C sigma=1.5C slip=0.010,worst shift=+0.0C sigma=1.5C slip=0.010 edge=0.1543; best shift=+1.0C sigma=2.5C slip=0.000 edge=0.2811,passes all stress and execution checks,12.372044,11.5,12.5,celsius,13°C or higher,2,5,,BUY_NO: model thinks this bucket is unlikely and it is not the model top bucket; top bucket is 13°C or higher,0,5.0,1,5.0,1.41049,1.41049,1.51777,0.948605
highest-temperature-in-singapore-on-may-5-2026|highest-temperature-in-singapore-on-may-5-2026-33c|BUY_NO,highest-temperature-in-singapore-on-may-5-2026,Highest temperature in Singapore on May 5?,Singapore,May 5,highest,highest-temperature-in-singapore-on-may-5-2026-33c,33°C,BUY_NO,0.66,0.93286,0.26164,0.389798,0.665,0.005,fair,moderate liquidity,0.256721,0.379687,0.655,0.005,0.6325,1,0.26786,0.175597,0.408947,0.258659,0,"maker viable, taker expected value is higher",0.01,0.01,516.7149,3930.373463,0.154628,0.228284,0.30545,0.840597,0.981589,1.0,0,0,0.01,1,0.153927,0.107012,shift=+1.0C sigma=1.5C slip=0.010,worst shift=+1.0C sigma=1.5C slip=0.010 edge=0.1546; best shift=-1.0C sigma=1.5C slip=0.000 edge=0.3055,passes all stress and execution checks,30.481878,32.5,33.5,celsius,30°C,4,5,,BUY_NO: model thinks this bucket is unlikely and it is not the model top bucket; top bucket is 30°C,0,5.0,1,5.0,1.94899,1.898435,2.044735,1.293295
lowest-temperature-in-miami-on-may-6-2026|lowest-temperature-in-miami-on-may-6-2026-74-75f|BUY_NO,lowest-temperature-in-miami-on-may-6-2026,Lowest temperature in Miami on May 6?,Miami,May 6,lowest,lowest-temperature-in-miami-on-may-6-2026-74-75f,74-75°F,BUY_NO,0.64,0.918895,0.267375,0.410386,0.645,0.005,fair,moderate liquidity,0.262446,0.399797,0.635,0.005,0.5025,1,0.273895,0.169637,0.431331,0.216744,0,"maker viable, taker expected value is higher",0.01,0.01,798.2091,123.735607,0.148338,0.233687,0.320371,0.814637,0.976819,1.0,0,0,0.01,1,0.146435,0.119037,shift=+1.0C sigma=1.5C slip=0.010,worst shift=+1.0C sigma=1.5C slip=0.010 edge=0.1483; best shift=-1.0C sigma=1.5C slip=0.000 edge=0.3204,passes all stress and execution checks,21.443101,74.0,76.0,fahrenheit,70-71°F,3,5,,BUY_NO: model thinks this bucket is unlikely and it is not the model top bucket; top bucket is 70-71°F,0,5.0,1,5.0,2.05193,1.998985,2.156655,1.08372
lowest-temperature-in-london-on-may-6-2026|lowest-temperature-in-london-on-may-6-2026-9c|BUY_NO,lowest-temperature-in-london-on-may-6-2026,Lowest temperature in London on May 6?,London,May 6,lowest,lowest-temperature-in-london-on-may-6-2026-9c,9°C,BUY_NO,0.72,0.965105,0.235025,0.321917,0.735,0.015,fair,spread penalty; moderate liquidity; low market volume,0.220366,0.295897,0.695,0.025,0.3525,1,0.260105,0.177878,0.374252,0.131924,0,"maker viable, taker expected value is higher",0.01,0.03,709.9643,33.708332,0.128379,0.185419,0.247697,0.882878,0.992436,1.0,0,0,0.01,1,0.127714,0.106646,shift=+1.0C sigma=2.0C slip=0.010,worst shift=+1.0C sigma=2.0C slip=0.010 edge=0.1284; best shift=-1.0C sigma=1.5C slip=0.000 edge=0.2477,passes all stress and execution checks,5.934924,8.5,9.5,celsius,6°C,4,5,,BUY_NO: model thinks this bucket is unlikely and it is not the model top bucket; top bucket is 6°C,0,5.0,1,5.0,1.609585,1.479485,1.87126,0.65962
highest-temperature-in-shanghai-on-may-5-2026|highest-temperature-in-shanghai-on-may-5-2026-26c|BUY_NO,highest-temperature-in-shanghai-on-may-5-2026,Highest temperature in Shanghai on May 5?,Shanghai,May 5,highest,highest-temperature-in-shanghai-on-may-5-2026-26c,26°C,BUY_NO,0.73,0.955494,0.215639,0.291461,0.735,0.005,fair,moderate liquidity,0.210755,0.282992,0.715,0.015,0.54,1,0.230494,0.14657,0.322369,0.174079,0,"maker viable, taker expected value is higher",0.01,0.02,731.6598,1202.605118,0.117071,0.176942,0.244788,0.87157,0.989526,1.0,0,0,0.01,1,0.117214,0.098568,shift=+1.0C sigma=2.0C slip=0.010,worst shift=+1.0C sigma=2.0C slip=0.010 edge=0.1171; best shift=-1.0C sigma=1.5C slip=0.000 edge=0.2448,passes all stress and execution checks,23.126049,25.5,26.5,celsius,23°C,4,5,,BUY_NO: model thinks this bucket is unlikely and it is not the model top bucket; top bucket is 23°C,0,5.0,1,5.0,1.457305,1.41496,1.611845,0.870395
highest-temperature-in-tokyo-on-may-5-2026|highest-temperature-in-tokyo-on-may-5-2026-22c|BUY_NO,highest-temperature-in-tokyo-on-may-5-2026,Highest temperature in Tokyo on May 5?,Tokyo,May 5,highest,highest-temperature-in-tokyo-on-may-5-2026-22c,22°C,BUY_NO,0.74,0.954978,0.205358,0.273949,0.74,0.0,good,,0.205358,0.273949,0.725,0.015,0.6025,1,0.219978,0.136017,0.303418,0.182809,0,"maker viable, taker expected value is higher",0.01,0.02,1019.0288,2072.082175,0.111642,0.171632,0.239742,0.871017,0.989362,1.0,0,0,0.01,1,0.11227,0.093716,shift=+1.0C sigma=2.0C slip=0.010,worst shift=+1.0C sigma=2.0C slip=0.010 edge=0.1116; best shift=-1.0C sigma=1.5C slip=0.000 edge=0.2397,passes all stress and execution checks,19.135432,21.5,22.5,celsius,19°C,4,5,,BUY_NO: model thinks this bucket is unlikely and it is not the model top bucket; top bucket is 19°C,0,5.0,1,5.0,1.369745,1.369745,1.51709,0.914045
highest-temperature-in-busan-on-may-5-2026|highest-temperature-in-busan-on-may-5-2026-21c|BUY_NO,highest-temperature-in-busan-on-may-5-2026,Highest temperature in Busan on May 5?,Busan,May 5,highest,highest-temperature-in-busan-on-may-5-2026-21c,21°C,BUY_NO,0.64,0.868805,0.217285,0.333505,0.655,0.015,fair,spread penalty; thin liquidity,0.202506,0.303927,0.615,0.025,0.3775,1,0.243805,0.146759,0.396431,0.149653,0,"maker viable, taker expected value is higher",0.01,0.03,383.658,275.225076,0.09562,0.199891,0.284583,0.771759,0.950882,1.0,0,0,0.01,1,0.093453,0.121665,shift=+1.0C sigma=1.5C slip=0.010,worst shift=+1.0C sigma=1.5C slip=0.010 edge=0.0956; best shift=-1.0C sigma=1.5C slip=0.000 edge=0.2846,passes all stress and execution checks,19.207248,20.5,21.5,celsius,19°C,3,5,,BUY_NO: model thinks this bucket is unlikely and it is not the model top bucket; top bucket is 19°C,0,5.0,1,5.0,1.667525,1.519635,1.982155,0.748265
highest-temperature-in-los-angeles-on-may-5-2026|highest-temperature-in-los-angeles-on-may-5-2026-66-67f|BUY_NO,highest-temperature-in-los-angeles-on-may-5-2026,Highest temperature in Los Angeles on May 5?,Los Angeles,May 5,highest,highest-temperature-in-los-angeles-on-may-5-2026-66-67f,66-67°F,BUY_NO,0.62,0.841646,0.209866,0.332182,0.625,0.005,fair,spread penalty,0.204927,0.321849,0.595,0.025,0.515,1,0.236646,0.133329,0.397724,0.204828,0,"maker viable, taker expected value is higher",0.01,0.03,1229.2269,344.239212,0.09174,0.208849,0.300641,0.738329,0.93736,1.0,0,0,0.01,1,0.089927,0.118126,shift=+1.0C sigma=1.5C slip=0.010,worst shift=+1.0C sigma=1.5C slip=0.010 edge=0.0917; best shift=-1.0C sigma=1.5C slip=0.000 edge=0.3006,passes all stress and execution checks,17.761602,66.0,68.0,fahrenheit,62-63°F,4,5,,BUY_NO: model thinks this bucket is unlikely and it is not the model top bucket; top bucket is 62-63°F,0,5.0,1,5.0,1.66091,1.609245,1.98862,1.02414
highest-temperature-in-helsinki-on-may-5-2026|highest-temperature-in-helsinki-on-may-5-2026-12c|BUY_NO,highest-temperature-in-helsinki-on-may-5-2026,Highest temperature in Helsinki on May 5?,Helsinki,May 5,highest,highest-temperature-in-helsinki-on-may-5-2026-12c,12°C,BUY_NO,0.64,0.822546,0.171026,0.262503,0.645,0.005,fair,spread penalty,0.166097,0.253024,0.615,0.025,0.515,1,0.197546,0.12038,0.321213,0.165425,0,"maker viable, taker expected value is higher",0.01,0.03,1624.7034,880.312357,0.079081,0.18711,0.262981,0.74538,0.91943,1.0,0,0,0.01,1,0.079887,0.091945,shift=-1.0C sigma=1.5C slip=0.010,worst shift=-1.0C sigma=1.5C slip=0.010 edge=0.0791; best shift=+1.0C sigma=1.5C slip=0.000 edge=0.2630,passes all stress and execution checks,13.343051,11.5,12.5,celsius,13°C,3,5,,BUY_NO: model thinks this bucket is unlikely and it is not the model top bucket; top bucket is 13°C,0,5.0,1,5.0,1.312515,1.26512,1.606065,0.827125
highest-temperature-in-atlanta-on-may-5-2026|highest-temperature-in-atlanta-on-may-5-2026-76-77f|BUY_YES,highest-temperature-in-atlanta-on-may-5-2026,Highest temperature in Atlanta on May 5?,Atlanta,May 5,highest,highest-temperature-in-atlanta-on-may-5-2026-76-77f,76-77°F,BUY_YES,0.05,0.288678,0.236303,4.511752,0.05,0.0,good,,0.236303,4.511752,0.045,0.005,0.625,1,0.233678,0.105996,5.192844,3.245528,0,"maker viable, taker expected value is higher",0.01,0.01,2081.5491,931.874039,0.098176,0.149362,0.236303,0.160996,0.288678,1.0,0,0,0.01,1,0.094363,0.138127,shift=+1.0C sigma=2.5C slip=0.010,worst shift=+1.0C sigma=2.5C slip=0.010 edge=0.0982; best shift=+0.0C sigma=1.5C slip=0.000 edge=0.2363,passes all stress and execution checks,25.059308,76.0,78.0,fahrenheit,76-77°F,1,5,model top bucket,BUY_YES: our bucket probability is above market ask after fee; rank 1 of 5,0,5.0,1,5.0,22.55876,22.55876,25.96422,16.22764
highest-temperature-in-sao-paulo-on-may-5-2026|highest-temperature-in-sao-paulo-on-may-5-2026-29c|BUY_NO,highest-temperature-in-sao-paulo-on-may-5-2026,Highest temperature in Sao Paulo on May 5?,Sao Paulo,May 5,highest,highest-temperature-in-sao-paulo-on-may-5-2026-29c,29°C,BUY_NO,0.71,0.921228,0.200933,0.278959,0.71,0.0,good,,0.200933,0.278959,0.705,0.005,0.625,1,0.206228,0.109833,0.292522,0.182826,0,"maker viable, taker expected value is higher",0.01,0.01,1198.4216,486.131678,0.094753,0.176306,0.25664,0.824833,0.976935,1.0,0,0,0.01,1,0.094135,0.10618,shift=+1.0C sigma=1.5C slip=0.010,worst shift=+1.0C sigma=1.5C slip=0.010 edge=0.0948; best shift=-1.0C sigma=1.5C slip=0.000 edge=0.2566,passes all stress and execution checks,26.63458,28.5,29.5,celsius,27°C,3,5,,BUY_NO: model thinks this bucket is unlikely and it is not the model top bucket; top bucket is 27°C,0,5.0,1,5.0,1.394795,1.394795,1.46261,0.91413
highest-temperature-in-madrid-on-may-5-2026|highest-temperature-in-madrid-on-may-5-2026-20c|BUY_NO,highest-temperature-in-madrid-on-may-5-2026,Highest temperature in Madrid on May 5?,Madrid,May 5,highest,highest-temperature-in-madrid-on-may-5-2026-20c,20°C,BUY_NO,0.65,0.829195,0.16782,0.253744,0.65,0.0,good,,0.16782,0.253744,0.635,0.015,0.6025,1,0.184195,0.10302,0.290071,0.174768,0,"maker viable, taker expected value is higher",0.01,0.02,1706.0188,1530.927569,0.0768,0.185268,0.2632,0.74802,0.924575,1.0,0,0,0.01,1,0.077698,0.09102,shift=+1.0C sigma=1.5C slip=0.010,worst shift=+1.0C sigma=1.5C slip=0.010 edge=0.0768; best shift=-1.0C sigma=1.5C slip=0.000 edge=0.2632,passes all stress and execution checks,18.592127,19.5,20.5,celsius,19°C,3,5,,BUY_NO: model thinks this bucket is unlikely and it is not the model top bucket; top bucket is 19°C,0,5.0,1,5.0,1.26872,1.26872,1.450355,0.87384
highest-temperature-in-nyc-on-may-5-2026|highest-temperature-in-nyc-on-may-5-2026-78-79f|BUY_NO,highest-temperature-in-nyc-on-may-5-2026,Highest temperature in NYC on May 5?,NYC,May 5,highest,highest-temperature-in-nyc-on-may-5-2026-78-79f,78-79°F,BUY_NO,0.66,0.866346,0.195126,0.290703,0.66,0.0,good,,0.195126,0.290703,0.655,0.005,0.695,1,0.201346,0.092242,0.307398,0.213642,0,"maker viable, taker expected value is higher",0.01,0.01,1942.3051,1567.023256,0.076187,0.187317,0.280689,0.757242,0.951909,1.0,0,0,0.01,1,0.074293,0.118939,shift=-1.0C sigma=1.5C slip=0.010,worst shift=-1.0C sigma=1.5C slip=0.010 edge=0.0762; best shift=+1.0C sigma=1.5C slip=0.000 edge=0.2807,passes all stress and execution checks,28.016489,78.0,80.0,fahrenheit,82-83°F,3,5,,BUY_NO: model thinks this bucket is unlikely and it is not the model top bucket; top bucket is 82-83°F,0,5.0,1,5.0,1.453515,1.453515,1.53699,1.06821
highest-temperature-in-lagos-on-may-5-2026|highest-temperature-in-lagos-on-may-5-2026-33c|BUY_NO,highest-temperature-in-lagos-on-may-5-2026,Highest temperature in Lagos on May 5?,Lagos,May 5,highest,highest-temperature-in-lagos-on-may-5-2026-33c,33°C,BUY_NO,0.75,0.944129,0.184754,0.243297,0.75,0.0,good,,0.184754,0.243297,0.745,0.005,0.625,1,0.189129,0.102632,0.253864,0.158665,0,"maker viable, taker expected value is higher",0.01,0.01,1671.4804,713.43231,0.088512,0.153279,0.226352,0.857632,0.985727,1.0,0,0,0.01,1,0.088888,0.096242,shift=+1.0C sigma=1.5C slip=0.010,worst shift=+1.0C sigma=1.5C slip=0.010 edge=0.0885; best shift=-1.0C sigma=1.5C slip=0.000 edge=0.2264,passes all stress and execution checks,30.317025,32.5,33.5,celsius,31°C,3,5,,BUY_NO: model thinks this bucket is unlikely and it is not the model top bucket; top bucket is 31°C,0,5.0,1,5.0,1.216485,1.216485,1.26932,0.793325
highest-temperature-in-san-francisco-on-may-5-2026|highest-temperature-in-san-francisco-on-may-5-2026-64-65f|BUY_NO,highest-temperature-in-san-francisco-on-may-5-2026,Highest temperature in San Francisco on May 5?,San Francisco,May 5,highest,highest-temperature-in-san-francisco-on-may-5-2026-64-65f,64-65°F,BUY_NO,0.82,0.994027,0.166647,0.201415,0.825,0.005,fair,spread penalty,0.161808,0.19443,0.795,0.025,0.515,1,0.189027,0.119252,0.23777,0.122451,0,"maker viable, taker expected value is higher",0.01,0.03,1224.0108,678.751144,0.082363,0.13358,0.166999,0.924252,0.999218,1.0,0,0,0.01,1,0.083935,0.084284,shift=+1.0C sigma=2.5C slip=0.010,worst shift=+1.0C sigma=2.5C slip=0.010 edge=0.0824; best shift=-1.0C sigma=1.5C slip=0.000 edge=0.1670,passes all stress and execution checks,14.061809,64.0,66.0,fahrenheit,58-59°F,4,5,,BUY_NO: model thinks this bucket is unlikely and it is not the model top bucket; top bucket is 58-59°F,0,5.0,1,5.0,1.007075,0.97215,1.18885,0.612255
highest-temperature-in-chongqing-on-may-5-2026|highest-temperature-in-chongqing-on-may-5-2026-32c|BUY_NO,highest-temperature-in-chongqing-on-may-5-2026,Highest temperature in Chongqing on May 5?,Chongqing,May 5,highest,highest-temperature-in-chongqing-on-may-5-2026-32c,32°C,BUY_NO,0.8,0.977705,0.169705,0.210031,0.815,0.015,fair,spread penalty; thin liquidity,0.155166,0.188643,0.775,0.025,0.3775,1,0.192705,0.113972,0.248652,0.093866,0,"maker viable, taker expected value is higher",0.01,0.03,401.058,466.287876,0.066753,0.120583,0.173257,0.898972,0.995795,1.0,0,0,0.01,1,0.066458,0.102952,shift=+1.0C sigma=2.5C slip=0.010,worst shift=+1.0C sigma=2.5C slip=0.010 edge=0.0668; best shift=-1.0C sigma=1.5C slip=0.000 edge=0.1733,passes all stress and execution checks,28.611153,31.5,32.5,celsius,29°C,4,5,,BUY_NO: model thinks this bucket is unlikely and it is not the model top bucket; top bucket is 29°C,0,5.0,1,5.0,1.050155,0.943215,1.24326,0.46933
lowest-temperature-in-hong-kong-on-may-5-2026|lowest-temperature-in-hong-kong-on-may-5-2026-18c|BUY_YES,lowest-temperature-in-hong-kong-on-may-5-2026,Lowest temperature in Hong Kong on May 5?,Hong Kong,May 5,lowest,lowest-temperature-in-hong-kong-on-may-5-2026-18c,18°C,BUY_YES,0.01,0.211303,0.200808,19.133683,0.03,0.02,fair,thin liquidity; low market volume; extreme price,0.179848,5.717628,0.008,0.002,0.477929,1,0.193303,0.09341,24.162875,11.548139,1,maker preferred,0.01,0.007,170.67033,36.1517,0.06949,0.129803,0.22966,0.11141,0.261115,1.0,0,0,0.01,1,0.066359,0.131318,shift=+1.0C sigma=1.5C slip=0.010,worst shift=+1.0C sigma=1.5C slip=0.010 edge=0.0695; best shift=-1.0C sigma=1.5C slip=0.000 edge=0.2297,passes all stress and execution checks,18.994265,17.5,18.5,celsius,19°C,2,5,,BUY_YES: our bucket probability is above market ask after fee; rank 2 of 5,0,5.0,1,5.0,95.668415,28.58814,120.814375,57.740695
highest-temperature-in-amsterdam-on-may-5-2026|highest-temperature-in-amsterdam-on-may-5-2026-18c|BUY_YES,highest-temperature-in-amsterdam-on-may-5-2026,Highest temperature in Amsterdam on May 5?,Amsterdam,May 5,highest,highest-temperature-in-amsterdam-on-may-5-2026-18c,18°C,BUY_YES,0.038,0.213127,0.173299,4.351212,0.038,0.0,good,,0.173299,4.351212,0.036,0.002,0.785429,1,0.167127,0.067358,4.642417,3.646289,0,"maker viable, taker expected value is higher",0.01,0.007,2292.00097,2516.612377,0.063074,0.122211,0.221251,0.113358,0.261079,1.0,0,0,0.01,1,0.062051,0.110225,shift=-1.0C sigma=1.5C slip=0.010,worst shift=-1.0C sigma=1.5C slip=0.010 edge=0.0631; best shift=+1.0C sigma=1.5C slip=0.000 edge=0.2213,passes all stress and execution checks,17.026129,17.5,18.5,celsius,17°C,2,5,,BUY_YES: our bucket probability is above market ask after fee; rank 2 of 5,0,5.0,1,5.0,21.75606,21.75606,23.212085,18.231445
highest-temperature-in-busan-on-may-5-2026|highest-temperature-in-busan-on-may-5-2026-19c|BUY_YES,highest-temperature-in-busan-on-may-5-2026,Highest temperature in Busan on May 5?,Busan,May 5,highest,highest-temperature-in-busan-on-may-5-2026-19c,19°C,BUY_YES,0.05,0.258727,0.206352,3.939895,0.055,0.005,fair,moderate liquidity,0.201128,3.491886,0.036,0.014,0.543921,1,0.212727,0.095292,5.909083,3.214075,0,"maker viable, taker expected value is higher",0.01,0.019,668.69802,1789.82427,0.073253,0.123018,0.201128,0.141292,0.258727,1.0,0,0,0.01,1,0.069943,0.133099,shift=+1.0C sigma=2.5C slip=0.010,worst shift=+1.0C sigma=2.5C slip=0.010 edge=0.0733; best shift=+0.0C sigma=1.5C slip=0.000 edge=0.2011,passes all stress and execution checks,19.207248,18.5,19.5,celsius,19°C,1,5,model top bucket,BUY_YES: our bucket probability is above market ask after fee; rank 1 of 5,0,5.0,1,5.0,19.699475,17.45943,29.545415,16.070375
highest-temperature-in-wellington-on-may-5-2026|highest-temperature-in-wellington-on-may-5-2026-17c|BUY_NO,highest-temperature-in-wellington-on-may-5-2026,Highest temperature in Wellington on May 5?,Wellington,May 5,highest,highest-temperature-in-wellington-on-may-5-2026-17c,17°C,BUY_NO,0.69,0.87976,0.179065,0.255553,0.705,0.015,fair,spread penalty; thin liquidity,0.164361,0.229748,0.665,0.025,0.4475,1,0.20476,0.105707,0.30791,0.13779,0,"maker viable, taker expected value is higher",0.01,0.03,363.3913,1411.900182,0.055518,0.156654,0.241663,0.780707,0.957061,1.0,0,0,0.01,1,0.053164,0.123547,shift=+1.0C sigma=1.5C slip=0.010,worst shift=+1.0C sigma=1.5C slip=0.010 edge=0.0555; best shift=-1.0C sigma=1.5C slip=0.000 edge=0.2417,passes all stress and execution checks,15.097095,16.5,17.5,celsius,15°C,3,5,,BUY_NO: model thinks this bucket is unlikely and it is not the model top bucket; top bucket is 15°C,0,5.0,1,5.0,1.277765,1.14874,1.53955,0.68895
highest-temperature-in-warsaw-on-may-5-2026|highest-temperature-in-warsaw-on-may-5-2026-30corhigher|BUY_YES,highest-temperature-in-warsaw-on-may-5-2026,Highest temperature in Warsaw on May 5?,Warsaw,May 5,highest,highest-temperature-in-warsaw-on-may-5-2026-30corhigher,30°C or higher,BUY_YES,0.029,0.284211,0.253803,8.346602,0.034,0.005,fair,moderate liquidity,0.248569,6.974003,0.028,0.001,0.3895,1,0.246211,0.070035,8.79325,3.424971,0,"maker viable, taker expected value is higher",0.01,0.001,814.14684,1719.814625,0.061932,0.302311,0.502713,0.108035,0.538355,1.0,0,0,0.01,1,0.052745,0.191871,shift=-1.0C sigma=1.5C slip=0.010,worst shift=-1.0C sigma=1.5C slip=0.010 edge=0.0619; best shift=+1.0C sigma=1.5C slip=0.000 edge=0.5027,passes all stress and execution checks,28.644435,29.5,,celsius,30°C or higher,1,5,model top bucket,BUY_YES: our bucket probability is above market ask after fee; rank 1 of 5,0,5.0,1,5.0,41.73301,34.870015,43.96625,17.124855
highest-temperature-in-moscow-on-may-5-2026|highest-temperature-in-moscow-on-may-5-2026-22c|BUY_YES,highest-temperature-in-moscow-on-may-5-2026,Highest temperature in Moscow on May 5?,Moscow,May 5,highest,highest-temperature-in-moscow-on-may-5-2026-22c,22°C,BUY_YES,0.049,0.2442,0.19287,3.757456,0.049,0.0,good,,0.19287,3.757456,0.038,0.011,0.622625,1,0.1962,0.082835,5.163158,3.214711,0,"maker viable, taker expected value is higher",0.01,0.016,2041.36925,1004.034785,0.069059,0.123533,0.199152,0.130835,0.250482,1.0,0,0,0.01,1,0.066678,0.123811,shift=+1.0C sigma=2.5C slip=0.010,worst shift=+1.0C sigma=2.5C slip=0.010 edge=0.0691; best shift=-1.0C sigma=1.5C slip=0.000 edge=0.1992,passes all stress and execution checks,22.559316,21.5,22.5,celsius,23°C,2,5,,BUY_YES: our bucket probability is above market ask after fee; rank 2 of 5,0,5.0,1,5.0,18.78728,18.78728,25.81579,16.073555
highest-temperature-in-toronto-on-may-5-2026|highest-temperature-in-toronto-on-may-5-2026-14c|BUY_YES,highest-temperature-in-toronto-on-may-5-2026,Highest temperature in Toronto on May 5?,Toronto,May 5,highest,highest-temperature-in-toronto-on-may-5-2026-14c,14°C,BUY_YES,0.059,0.235471,0.173695,2.811694,0.062,0.003,fair,spread penalty,0.170563,2.627777,0.038,0.021,0.588538,1,0.187471,0.078358,4.933447,2.903521,1,maker preferred,0.01,0.026,2225.52287,1373.52032,0.051017,0.106435,0.191055,0.126358,0.255963,1.0,0,0,0.01,1,0.048749,0.122678,shift=+1.0C sigma=2.5C slip=0.010,worst shift=+1.0C sigma=2.5C slip=0.010 edge=0.0510; best shift=-1.0C sigma=1.5C slip=0.000 edge=0.1911,passes all stress and execution checks,14.69486,13.5,14.5,celsius,15°C,2,5,,BUY_YES: our bucket probability is above market ask after fee; rank 2 of 5,0,5.0,1,5.0,14.05847,13.138885,24.667235,14.517605
highest-temperature-in-miami-on-may-5-2026|highest-temperature-in-miami-on-may-5-2026-84-85f|BUY_NO,highest-temperature-in-miami-on-may-5-2026,Highest temperature in Miami on May 5?,Miami,May 5,highest,highest-temperature-in-miami-on-may-5-2026-84-85f,84-85°F,BUY_NO,0.64,0.845949,0.194429,0.298424,0.645,0.005,fair,spread penalty,0.1895,0.288675,0.615,0.025,0.515,1,0.220949,0.116283,0.359267,0.185022,0,"maker viable, taker expected value is higher",0.01,0.03,1378.8044,945.584816,0.074985,0.19132,0.283594,0.741283,0.940043,1.0,0,0,0.01,1,0.07304,0.119444,shift=+1.0C sigma=1.5C slip=0.010,worst shift=+1.0C sigma=1.5C slip=0.010 edge=0.0750; best shift=-1.0C sigma=1.5C slip=0.000 edge=0.2836,passes all stress and execution checks,27.723493,84.0,86.0,fahrenheit,82-83°F,2,5,,BUY_NO: model thinks this bucket is unlikely and it is not the model top bucket; top bucket is 82-83°F,0,5.0,1,5.0,1.49212,1.443375,1.796335,0.92511
highest-temperature-in-hong-kong-on-may-5-2026|highest-temperature-in-hong-kong-on-may-5-2026-25c|BUY_NO,highest-temperature-in-hong-kong-on-may-5-2026,Highest temperature in Hong Kong on May 5?,Hong Kong,May 5,highest,highest-temperature-in-hong-kong-on-may-5-2026-25c,25°C,BUY_NO,0.7,0.880861,0.170361,0.239776,0.7,0.0,good,,0.170361,0.239776,0.685,0.015,0.6025,1,0.185861,0.086665,0.27133,0.163476,0,"maker viable, taker expected value is higher",0.01,0.02,1137.6352,4157.230564,0.06137,0.16215,0.247159,0.781665,0.957659,1.0,0,0,0.01,1,0.060471,0.108991,shift=+1.0C sigma=1.5C slip=0.010,worst shift=+1.0C sigma=1.5C slip=0.010 edge=0.0614; best shift=-1.0C sigma=1.5C slip=0.000 edge=0.2472,passes all stress and execution checks,23.085848,24.5,25.5,celsius,23°C,3,5,,BUY_NO: model thinks this bucket is unlikely and it is not the model top bucket; top bucket is 23°C,0,5.0,1,5.0,1.19888,1.19888,1.35665,0.81738
highest-temperature-in-shenzhen-on-may-5-2026|highest-temperature-in-shenzhen-on-may-5-2026-27c|BUY_YES,highest-temperature-in-shenzhen-on-may-5-2026,Highest temperature in Shenzhen on May 5?,Shenzhen,May 5,highest,highest-temperature-in-shenzhen-on-may-5-2026-27c,27°C,BUY_YES,0.07,0.253304,0.180049,2.457839,0.075,0.005,fair,moderate liquidity,0.174835,2.228088,0.055,0.015,0.47,1,0.188304,0.071492,3.423709,1.609143,0,"maker viable, taker expected value is higher",0.01,0.02,660.2998,925.683607,0.047603,0.100028,0.174835,0.136492,0.253304,1.0,0,0,0.01,1,0.044359,0.132446,shift=-1.0C sigma=2.5C slip=0.010,worst shift=-1.0C sigma=2.5C slip=0.010 edge=0.0476; best shift=+0.0C sigma=1.5C slip=0.000 edge=0.1748,passes all stress and execution checks,26.623316,26.5,27.5,celsius,27°C,1,5,model top bucket,BUY_YES: our bucket probability is above market ask after fee; rank 1 of 5,0,5.0,1,5.0,12.289195,11.14044,17.118545,8.045715
highest-temperature-in-cape-town-on-may-5-2026|highest-temperature-in-cape-town-on-may-5-2026-15c|BUY_YES,highest-temperature-in-cape-town-on-may-5-2026,Highest temperature in Cape Town on May 5?,Cape Town,May 5,highest,highest-temperature-in-cape-town-on-may-5-2026-15c,15°C,BUY_YES,0.02,0.193107,0.172127,8.204337,0.025,0.005,good,extreme price,0.166888,6.365225,0.017,0.003,0.67725,1,0.166107,0.066742,9.771,6.61741,1,maker preferred,0.01,0.008,1969.73976,715.046306,0.057053,0.127126,0.23295,0.093742,0.259169,1.0,0,0,0.01,1,0.055546,0.115074,shift=+1.0C sigma=1.5C slip=0.010,worst shift=+1.0C sigma=1.5C slip=0.010 edge=0.0571; best shift=-1.0C sigma=1.5C slip=0.000 edge=0.2329,passes all stress and execution checks,16.18704,14.5,15.5,celsius,16°C,3,5,,BUY_YES: our bucket probability is above market ask after fee; rank 3 of 5,0,5.0,1,5.0,41.021685,31.826125,48.855,33.08705
highest-temperature-in-kuala-lumpur-on-may-5-2026|highest-temperature-in-kuala-lumpur-on-may-5-2026-34c|BUY_NO,highest-temperature-in-kuala-lumpur-on-may-5-2026,Highest temperature in Kuala Lumpur on May 5?,Kuala Lumpur,May 5,highest,highest-temperature-in-kuala-lumpur-on-may-5-2026-34c,34°C,BUY_NO,0.71,0.888439,0.168144,0.233438,0.73,0.02,fair,spread penalty; thin liquidity,0.148584,0.200829,0.675,0.035,0.31875,0,0.203439,0.103555,0.301391,0.096068,0,maker fill score below 0.35,0.01,0.04,289.1637,180.579155,0.038935,0.137,0.221811,0.788555,0.961666,1.0,0,0,0.01,1,0.036014,0.129209,shift=+1.0C sigma=1.5C slip=0.010,worst shift=+1.0C sigma=1.5C slip=0.010 edge=0.0389; best shift=-1.0C sigma=1.5C slip=0.000 edge=0.2218,passes all stress and execution checks,32.007317,33.5,34.5,celsius,32°C,4,5,,BUY_NO: model thinks this bucket is unlikely and it is not the model top bucket; top bucket is 32°C,0,5.0,1,5.0,1.16719,1.004145,1.506955,0.48034
highest-temperature-in-los-angeles-on-may-5-2026|highest-temperature-in-los-angeles-on-may-5-2026-62-63f|BUY_YES,highest-temperature-in-los-angeles-on-may-5-2026,Highest temperature in Los Angeles on May 5?,Los Angeles,May 5,highest,highest-temperature-in-los-angeles-on-may-5-2026-62-63f,62-63°F,BUY_YES,0.08,0.271594,0.187914,2.245626,0.08,0.0,good,,0.187914,2.245626,0.075,0.005,0.625,1,0.186594,0.060942,2.48792,1.55495,0,"maker viable, taker expected value is higher",0.01,0.01,1233.7893,471.202169,0.051847,0.11129,0.192492,0.145942,0.276172,1.0,0,0,0.01,1,0.04824,0.136067,shift=+1.0C sigma=2.5C slip=0.010,worst shift=+1.0C sigma=2.5C slip=0.010 edge=0.0518; best shift=-1.0C sigma=1.5C slip=0.000 edge=0.1925,passes all stress and execution checks,17.761602,62.0,64.0,fahrenheit,62-63°F,1,5,model top bucket,BUY_YES: our bucket probability is above market ask after fee; rank 1 of 5,0,5.0,1,5.0,11.22813,11.22813,12.4396,7.77475
highest-temperature-in-milan-on-may-5-2026|highest-temperature-in-milan-on-may-5-2026-14c|BUY_YES,highest-temperature-in-milan-on-may-5-2026,Highest temperature in Milan on May 5?,Milan,May 5,highest,highest-temperature-in-milan-on-may-5-2026-14c,14°C,BUY_YES,0.028,0.165354,0.135993,4.631795,0.028,0.0,good,,0.135993,4.631795,0.025,0.003,0.74725,1,0.130354,0.036384,5.21416,3.896281,0,"maker viable, taker expected value is higher",0.01,0.008,2527.868,2772.704619,0.031556,0.111276,0.220157,0.071384,0.249518,1.0,0,0,0.01,1,0.031112,0.104437,shift=+1.0C sigma=1.5C slip=0.010,worst shift=+1.0C sigma=1.5C slip=0.010 edge=0.0316; best shift=-1.0C sigma=1.5C slip=0.000 edge=0.2202,passes all stress and execution checks,15.46067,13.5,14.5,celsius,15°C,3,5,,BUY_YES: our bucket probability is above market ask after fee; rank 3 of 5,0,5.0,1,5.0,23.158975,23.158975,26.0708,19.481405
highest-temperature-in-buenos-aires-on-may-5-2026|highest-temperature-in-buenos-aires-on-may-5-2026-25c|BUY_NO,highest-temperature-in-buenos-aires-on-may-5-2026,Highest temperature in Buenos Aires on May 5?,Buenos Aires,May 5,highest,highest-temperature-in-buenos-aires-on-may-5-2026-25c,25°C,BUY_NO,0.85,0.98448,0.128105,0.14959,0.85,0.0,good,,0.128105,0.14959,0.835,0.015,0.5325,1,0.13948,0.063162,0.167042,0.08895,0,"maker viable, taker expected value is higher",0.01,0.02,1859.9697,917.279691,0.042142,0.095145,0.140986,0.908162,0.997361,1.0,0,0,0.01,1,0.043546,0.085963,shift=+1.0C sigma=2.5C slip=0.010,worst shift=+1.0C sigma=2.5C slip=0.010 edge=0.0421; best shift=-1.0C sigma=1.5C slip=0.000 edge=0.1410,passes all stress and execution checks,21.370418,24.5,25.5,celsius,22°C,4,5,,BUY_NO: model thinks this bucket is unlikely and it is not the model top bucket; top bucket is 22°C,0,5.0,1,5.0,0.74795,0.74795,0.83521,0.44475
lowest-temperature-in-tokyo-on-may-5-2026|lowest-temperature-in-tokyo-on-may-5-2026-11c|BUY_YES,lowest-temperature-in-tokyo-on-may-5-2026,Lowest temperature in Tokyo on May 5?,Tokyo,May 5,lowest,lowest-temperature-in-tokyo-on-may-5-2026-11c,11°C,BUY_YES,0.039,0.230848,0.189974,4.647803,0.0535,0.0145,fair,spread penalty; thin liquidity,0.174816,3.11994,0.015,0.024,0.378086,1,0.205848,0.099182,13.7232,5.18855,1,maker preferred,0.01,0.029,282.82214,439.71,0.057709,0.113416,0.201847,0.124182,0.257879,1.0,0,0,0.01,1,0.054483,0.132265,shift=+1.0C sigma=2.5C slip=0.010,worst shift=+1.0C sigma=2.5C slip=0.010 edge=0.0577; best shift=-1.0C sigma=1.5C slip=0.000 edge=0.2018,passes all stress and execution checks,11.758565,10.5,11.5,celsius,12°C,2,5,,BUY_YES: our bucket probability is above market ask after fee; rank 2 of 5,0,5.0,1,5.0,23.239015,15.5997,68.616,25.94275
highest-temperature-in-toronto-on-may-5-2026|highest-temperature-in-toronto-on-may-5-2026-17corhigher|BUY_NO,highest-temperature-in-toronto-on-may-5-2026,Highest temperature in Toronto on May 5?,Toronto,May 5,highest,highest-temperature-in-toronto-on-may-5-2026-17corhigher,17°C or higher,BUY_NO,0.54,0.885594,0.333174,0.603117,0.545,0.005,fair,moderate liquidity,0.328195,0.588798,0.535,0.005,0.6325,1,0.340594,0.081295,0.636624,0.402665,0,"maker viable, taker expected value is higher",0.01,0.01,631.9395,1694.397332,0.058946,0.23896,0.411866,0.626295,0.969265,1.0,0,0,0.01,1,0.041523,0.274228,shift=+1.0C sigma=2.5C slip=0.010,worst shift=+1.0C sigma=2.5C slip=0.010 edge=0.0589; best shift=-1.0C sigma=1.5C slip=0.000 edge=0.4119,passes all stress and execution checks,14.69486,16.5,,celsius,15°C,5,5,,BUY_NO: model thinks this bucket is unlikely and it is not the model top bucket; top bucket is 15°C,0,5.0,1,5.0,3.015585,2.94399,3.18312,2.013325
highest-temperature-in-chongqing-on-may-5-2026|highest-temperature-in-chongqing-on-may-5-2026-29c|BUY_YES,highest-temperature-in-chongqing-on-may-5-2026,Highest temperature in Chongqing on May 5?,Chongqing,May 5,highest,highest-temperature-in-chongqing-on-may-5-2026-29c,29°C,BUY_YES,0.08,0.252799,0.169119,2.021021,0.08,0.0,good,,0.169119,2.021021,0.075,0.005,0.695,1,0.167799,0.05113,2.23732,1.554937,0,"maker viable, taker expected value is higher",0.01,0.01,1378.836,3621.063563,0.042035,0.09462,0.169119,0.13613,0.252799,1.0,0,0,0.01,1,0.039327,0.127084,shift=-1.0C sigma=2.5C slip=0.010,worst shift=-1.0C sigma=2.5C slip=0.010 edge=0.0420; best shift=+0.0C sigma=1.5C slip=0.000 edge=0.1691,passes all stress and execution checks,28.611153,28.5,29.5,celsius,29°C,1,5,model top bucket,BUY_YES: our bucket probability is above market ask after fee; rank 1 of 5,0,5.0,1,5.0,10.105105,10.105105,11.1866,7.774685
highest-temperature-in-jakarta-on-may-5-2026|highest-temperature-in-jakarta-on-may-5-2026-35c|BUY_NO,highest-temperature-in-jakarta-on-may-5-2026,Highest temperature in Jakarta on May 5?,Jakarta,May 5,highest,highest-temperature-in-jakarta-on-may-5-2026-35c,35°C,BUY_NO,0.93,0.99976,0.066505,0.071261,0.93,0.0,good,,0.066505,0.071261,0.925,0.005,0.695,1,0.06476,0.037471,0.070011,0.048658,0,"maker viable, taker expected value is higher",0.01,0.01,2937.52235,10049.733514,0.029651,0.054832,0.066728,0.972471,0.999983,1.0,0,0,0.01,1,0.035966,0.036854,shift=+1.0C sigma=2.5C slip=0.010,worst shift=+1.0C sigma=2.5C slip=0.010 edge=0.0297; best shift=-1.0C sigma=1.5C slip=0.000 edge=0.0667,passes all stress and execution checks,29.290887,34.5,35.5,celsius,31°C,5,5,,BUY_NO: model thinks this bucket is unlikely and it is not the model top bucket; top bucket is 31°C,0,3.33,1,3.33,0.237299,0.237299,0.233137,0.162031
lowest-temperature-in-nyc-on-may-5-2026|lowest-temperature-in-nyc-on-may-5-2026-62-63f|BUY_NO,lowest-temperature-in-nyc-on-may-5-2026,Lowest temperature in NYC on May 5?,NYC,May 5,lowest,lowest-temperature-in-nyc-on-may-5-2026-62-63f,62-63°F,BUY_NO,0.911,0.999581,0.084527,0.092374,0.921,0.01,fair,thin liquidity,0.074943,0.081051,0.906,0.005,0.4875,1,0.083581,0.049331,0.092253,0.044973,0,"maker viable, taker expected value is higher",0.01,0.01,362.41949,790.882133,0.031119,0.061185,0.07533,0.965331,0.999968,1.0,0,0,0.01,1,0.035779,0.053408,shift=+1.0C sigma=2.5C slip=0.010,worst shift=+1.0C sigma=2.5C slip=0.010 edge=0.0311; best shift=-1.0C sigma=1.5C slip=0.000 edge=0.0753,passes all stress and execution checks,11.679789,62.0,64.0,fahrenheit,56-57°F,4,5,,BUY_NO: model thinks this bucket is unlikely and it is not the model top bucket; top bucket is 56-57°F,0,4.23,1,4.23,0.390742,0.342846,0.39023,0.190236
highest-temperature-in-chengdu-on-may-5-2026|highest-temperature-in-chengdu-on-may-5-2026-28c|BUY_YES,highest-temperature-in-chengdu-on-may-5-2026,Highest temperature in Chengdu on May 5?,Chengdu,May 5,highest,highest-temperature-in-chengdu-on-may-5-2026-28c,28°C,BUY_YES,0.05,0.176808,0.124433,2.375809,0.05,0.0,good,,0.124433,2.375809,0.035,0.015,0.6025,1,0.131808,0.035059,3.765943,2.268981,0,"maker viable, taker expected value is higher",0.01,0.02,2238.9635,1338.78617,0.017239,0.093621,0.202006,0.080059,0.254381,1.0,0,0,0.01,1,0.016519,0.107194,shift=+1.0C sigma=1.5C slip=0.010,worst shift=+1.0C sigma=1.5C slip=0.010 edge=0.0172; best shift=-1.0C sigma=1.5C slip=0.000 edge=0.2020,passes all stress and execution checks,29.349384,27.5,28.5,celsius,29°C,3,5,,BUY_YES: our bucket probability is above market ask after fee; rank 3 of 5,0,5.0,1,5.0,11.879045,11.879045,18.829715,11.344905
highest-temperature-in-madrid-on-may-5-2026|highest-temperature-in-madrid-on-may-5-2026-17c|BUY_YES,highest-temperature-in-madrid-on-may-5-2026,Highest temperature in Madrid on May 5?,Madrid,May 5,highest,highest-temperature-in-madrid-on-may-5-2026-17c,17°C,BUY_YES,0.014,0.151735,0.137045,9.328995,0.019,0.005,good,extreme price,0.131803,6.612652,0.013,0.001,0.679,1,0.128735,0.038914,9.902692,6.723928,1,maker preferred,0.01,0.002,3331.09947,2498.784047,0.031506,0.11413,0.2223,0.061914,0.242232,1.0,0,0,0.01,1,0.030952,0.105539,shift=+1.0C sigma=1.5C slip=0.010,worst shift=+1.0C sigma=1.5C slip=0.010 edge=0.0315; best shift=-1.0C sigma=1.5C slip=0.000 edge=0.2223,passes all stress and execution checks,18.592127,16.5,17.5,celsius,19°C,4,5,,BUY_YES: our bucket probability is above market ask after fee; rank 4 of 5,0,5.0,1,5.0,46.644975,33.06326,49.51346,33.61964
highest-temperature-in-amsterdam-on-may-5-2026|highest-temperature-in-amsterdam-on-may-5-2026-15c|BUY_NO,highest-temperature-in-amsterdam-on-may-5-2026,Highest temperature in Amsterdam on May 5?,Amsterdam,May 5,highest,highest-temperature-in-amsterdam-on-may-5-2026-15c,15°C,BUY_NO,0.73,0.891606,0.151751,0.205109,0.745,0.015,fair,wide spread,0.137107,0.18172,0.685,0.045,0.595,1,0.196606,0.09659,0.287016,0.170775,0,"maker viable, taker expected value is higher",0.01,0.05,1347.5493,1644.214649,0.027341,0.124151,0.208786,0.79159,0.963285,1.0,0,0,0.01,1,0.0249,0.12441,shift=-1.0C sigma=1.5C slip=0.010,worst shift=-1.0C sigma=1.5C slip=0.010 edge=0.0273; best shift=+1.0C sigma=1.5C slip=0.000 edge=0.2088,passes all stress and execution checks,17.026129,14.5,15.5,celsius,17°C,4,5,wide spread,BUY_NO: model thinks this bucket is unlikely and it is not the model top bucket; top bucket is 17°C,0,5.0,1,5.0,1.025545,0.9086,1.43508,0.853875
highest-temperature-in-london-on-may-5-2026|highest-temperature-in-london-on-may-5-2026-15c|BUY_YES,highest-temperature-in-london-on-may-5-2026,Highest temperature in London on May 5?,London,May 5,highest,highest-temperature-in-london-on-may-5-2026-15c,15°C,BUY_YES,0.047,0.182342,0.133103,2.703161,0.047,0.0,good,,0.133102,2.703161,0.043,0.004,0.718,1,0.129342,0.031514,3.007953,2.159711,0,"maker viable, taker expected value is higher",0.01,0.009,3061.48401,5778.081695,0.024827,0.099286,0.207059,0.084514,0.256298,1.0,0,0,0.01,1,0.023999,0.108276,shift=+1.0C sigma=1.5C slip=0.010,worst shift=+1.0C sigma=1.5C slip=0.010 edge=0.0248; best shift=-1.0C sigma=1.5C slip=0.000 edge=0.2071,passes all stress and execution checks,16.294957,14.5,15.5,celsius,16°C,3,5,,BUY_YES: our bucket probability is above market ask after fee; rank 3 of 5,0,5.0,1,5.0,13.515805,13.515805,15.039765,10.798555
lowest-temperature-in-shanghai-on-may-5-2026|lowest-temperature-in-shanghai-on-may-5-2026-13c|BUY_YES,lowest-temperature-in-shanghai-on-may-5-2026,Lowest temperature in Shanghai on May 5?,Shanghai,May 5,lowest,lowest-temperature-in-shanghai-on-may-5-2026-13c,13°C,BUY_YES,0.025,0.17794,0.151721,5.786746,0.035,0.01,fair,thin liquidity,0.141251,3.849988,0.01,0.015,0.395,1,0.15794,0.060956,15.794,6.23863,1,maker preferred,0.01,0.02,224.85484,355.6124,0.033807,0.10982,0.218108,0.080956,0.254797,1.0,0,0,0.01,1,0.032016,0.117914,shift=+1.0C sigma=1.5C slip=0.010,worst shift=+1.0C sigma=1.5C slip=0.010 edge=0.0338; best shift=-1.0C sigma=1.5C slip=0.000 edge=0.2181,passes all stress and execution checks,14.338291,12.5,13.5,celsius,14°C,3,5,,BUY_YES: our bucket probability is above market ask after fee; rank 3 of 5,0,5.0,1,5.0,28.93373,19.24994,78.97,31.19315
highest-temperature-in-helsinki-on-may-5-2026|highest-temperature-in-helsinki-on-may-5-2026-15c|BUY_YES,highest-temperature-in-helsinki-on-may-5-2026,Highest temperature in Helsinki on May 5?,Helsinki,May 5,highest,highest-temperature-in-helsinki-on-may-5-2026-15c,15°C,BUY_YES,0.028,0.145043,0.115682,3.940022,0.028,0.0,good,,0.115682,3.940022,0.026,0.002,0.785429,1,0.109043,0.02156,4.193962,3.294059,0,"maker viable, taker expected value is higher",0.01,0.007,1935.51145,1263.790481,0.017732,0.101384,0.208708,0.05756,0.238069,1.0,0,0,0.01,1,0.017937,0.09795,shift=-1.0C sigma=1.5C slip=0.010,worst shift=-1.0C sigma=1.5C slip=0.010 edge=0.0177; best shift=+1.0C sigma=1.5C slip=0.000 edge=0.2087,passes all stress and execution checks,13.343051,14.5,15.5,celsius,13°C,4,5,,BUY_YES: our bucket probability is above market ask after fee; rank 4 of 5,0,5.0,1,5.0,19.70011,19.70011,20.96981,16.470295
lowest-temperature-in-tokyo-on-may-6-2026|lowest-temperature-in-tokyo-on-may-6-2026-16c|BUY_NO,lowest-temperature-in-tokyo-on-may-6-2026,Lowest temperature in Tokyo on May 6?,Tokyo,May 6,lowest,lowest-temperature-in-tokyo-on-may-6-2026-16c,16°C,BUY_NO,0.8,0.950437,0.142437,0.176283,0.815,0.015,fair,thin liquidity; low market volume,0.127898,0.155492,0.795,0.005,0.3875,1,0.145437,0.061361,0.18294,0.070889,0,"maker viable, taker expected value is higher",0.01,0.01,140.0566,27.9,0.034142,0.09505,0.165344,0.866361,0.987883,1.0,0,0,0.01,1,0.033313,0.108295,shift=+1.0C sigma=2.0C slip=0.010,worst shift=+1.0C sigma=2.0C slip=0.010 edge=0.0341; best shift=-1.0C sigma=1.5C slip=0.000 edge=0.1653,passes all stress and execution checks,13.214794,15.5,16.5,celsius,13°C,4,5,,BUY_NO: model thinks this bucket is unlikely and it is not the model top bucket; top bucket is 13°C,0,5.0,1,5.0,0.881415,0.77746,0.9147,0.354445
highest-temperature-in-nyc-on-may-5-2026|highest-temperature-in-nyc-on-may-5-2026-76-77f|BUY_NO,highest-temperature-in-nyc-on-may-5-2026,Highest temperature in NYC on May 5?,NYC,May 5,highest,highest-temperature-in-nyc-on-may-5-2026-76-77f,76-77°F,BUY_NO,0.82,0.958186,0.130806,0.158097,0.825,0.005,fair,spread penalty,0.125967,0.151363,0.795,0.025,0.515,1,0.153186,0.061665,0.192687,0.099234,0,"maker viable, taker expected value is higher",0.01,0.03,1954.6561,995.790922,0.024776,0.08825,0.158414,0.866665,0.990632,1.0,0,0,0.01,1,0.024173,0.10603,shift=-1.0C sigma=2.0C slip=0.010,worst shift=-1.0C sigma=2.0C slip=0.010 edge=0.0248; best shift=+1.0C sigma=1.5C slip=0.000 edge=0.1584,passes all stress and execution checks,28.016489,76.0,78.0,fahrenheit,82-83°F,4,5,,BUY_NO: model thinks this bucket is unlikely and it is not the model top bucket; top bucket is 82-83°F,0,5.0,1,5.0,0.790485,0.756815,0.963435,0.49617
